name;phone;birthday

Mitchell Hawkins;4307262894;13.11.2016

Beth Benton;6297373398;05.03.1994

Monica Murillo;5483969164;09.11.1994

Richard Wong;9643005074;17.04.1996

Jacob Hester;3895051434;10.12.2019

Valerie Edwards;1555111177;05.03.2009

Sarah Krueger;2238979747;06.05.2017

Nancy Mcgee;9916464335;25.01.2020

Philip Perez;3272082349;17.12.2003

Michelle Tyler;3395071675;02.08.2012

Vanessa Bishop;3776585271;13.06.1980

Frank Garcia;4323436830;14.10.1974

Kenneth Johnson;5367366631;23.05.2001

Leah Murray;2828820828;25.05.1980

Johnny Paul;4430702637;30.05.2011

Dawn Guzman;0423634649;29.04.1998

Craig Miller;0946195359;17.12.1995

Sara Fowler;9689199218;03.05.2011

Kiara Anderson;4297952780;07.03.2002

Jeffrey Hunt;3231211218;06.07.2012

Michael Ross;1334768149;30.03.1982

Diana Lee;9418718089;21.03.1990

Joseph Thomas;4092504102;04.05.2006

Rachel Richards;5114536271;12.11.2015

Jason Dudley;5979390997;04.04.1981

Mark Hinton;4426271123;03.11.2013

Wendy Rivers;3268035412;13.11.1980

Jamie Barnes;4347713844;21.05.2000

Alicia Vargas;5882474665;09.08.1997

Anthony Bowman;5672010278;03.02.1981

Andrea Stewart;9853179742;19.02.1970

Richard James;2653723984;25.11.2018

Jennifer Mitchell;2052659367;03.01.1996

Deanna Smith;9385127369;29.05.2006

Kimberly Ingram;4648249286;24.07.1979

Sharon Stark;0416674841;15.03.1997

Austin Gregory;3538119737;25.04.1983

Thomas Willis;9225225296;11.09.2012

Monica Moran;3616559611;25.03.1981

Gabriel Barber;5712791801;30.06.2015

Rose Ortiz;7230186055;15.10.2005

James Stout;5175902065;20.10.1989

Daniel Guzman;6971224799;20.01.1987

Jasmine Harris;9336093210;15.02.2014

Courtney Mcdonald;8301138670;25.06.1970

Alexander Suarez;7567264525;13.10.2022

Trevor Berry;7264117147;06.05.1992

Casey Mercer;4142995110;09.02.1973

Nicolas Wilson PhD;3021399318;04.09.2021

Catherine Miller;6419574582;06.06.1983

Brian Goodman;3009519191;23.04.2012

Carol Cochran;0877638671;20.09.2015

Nicholas Mcdonald;0686143252;26.04.1977

Ian Simmons;5417499041;16.03.1985

Kimberly Davis;9648115683;24.01.1999

Monica Wright;2277373728;13.04.1970

Brent Ochoa;9515853677;17.07.1973

Sarah Myers;0363209449;17.10.2011

Cameron Armstrong;9469239495;04.03.1973

Wayne Gill;0356994430;17.02.2011

Teresa Cox;1416658559;22.07.2006

Brittany Carr;5806250620;01.04.2001

Justin Quinn;1732975960;19.11.2022

Dominique Thompson;1725803062;04.09.1976

David Nguyen;7487610564;13.02.1975

Duane Bryant;8575596377;25.08.2000

Larry Lee;6738877942;08.02.2013

Brandy Lang;4725483619;25.10.1982

Samuel Harper;7789078119;03.01.2019

Christopher Alvarez;2569043361;09.07.2011

Daniel Pugh;9672866156;26.01.2005

Krystal Thomas;4555789713;07.06.1996

Gregory Green;7209024145;19.08.1987

Jimmy Knight;5313160259;26.06.2021

Eric Singleton;1129753831;10.05.2005

Tami Pearson;6952391955;01.05.1992

Brandon Stewart;5553365680;04.09.2020

Steven Cox;9445422471;29.04.2004

William Harris;2356520013;26.05.1998

Katie Abbott;0455671994;12.04.2004

Dylan Murray;3033683197;04.04.2011

Robert Alexander;3525875139;15.03.2011

Louis Montes;0203471426;26.03.2020

Richard Tanner;6968934583;22.01.1997

Stacey Bauer;9596386374;17.04.2019

Lori Norton;0655247056;16.06.1977

Jay Mueller;6972696768;04.04.2020

Joseph Griffin;1420699765;27.10.2010

Rhonda Jones;9929559167;20.03.1989

Brenda Summers;8661433871;22.02.2022

April Martinez;3215558888;29.03.2005

Pamela Pearson;7975895587;16.10.1997

Daniel Tate;5761866547;08.07.1994

Deborah Mcclain;3545923189;15.12.2018

Robin Bonilla;2521237387;01.06.2005

Angel Obrien;2974162206;02.05.2016

Mark Mcdonald;2782238829;26.09.2018

Jessica Hines;2595750246;26.11.1982

John Adams;2709635494;29.11.1998

Shane Gibbs;0898639991;10.06.2014
